time,mode,bat_voltage,bat_current,bus_3v_current,bus_5v_current,temp_comm,temp_eps,temp_battery
769782786,1,7.65,0.50787,1.025,4.025,33.25,35.25,35.5
769782791,1,7.5,0.52361,2.025,10.025,34.25,35.75,35.5
769782883,1,7.3,0.52361,4.025,9.025,34.0,35.5,36.25
769782888,1,7.2,0.5,7.025,5.025,34.0,36.25,35.5
