time,mode,bat_voltage,bat_current,bus_3v_current,bus_5v_current,temp_comm,temp_eps,temp_battery
769831935,1,7.65,0.53148,3.025,7.025,33.0,35.0,36.0
769831940,1,7.95,0.52361,10.025,5.025,34.25,35.25,35.75
769831942,1,7.2,0.57083,1.025,9.025,33.5,35.5,35.75
769831943,1,7.35,0.56296,8.025,8.025,33.5,35.75,36.25
769831946,1,7.3,0.54722,7.025,5.025,33.5,36.0,35.0
770174067,1,7.15,0.57083,3.025,9.025,33.25,35.0,35.75
